iso,umd_tree_cover_loss__year,umd_tree_cover_loss__ha,gfw_gross_emissions_co2e_all_gases__Mg
AGO,2001,4958,3009344
ARG,2001,5980,2277270
AUS,2001,0,133
BDI,2001,6,3307
BES,2001,0,64
BGD,2001,385,223972
BHS,2001,0,50
BLZ,2001,1271,600379
BOL,2001,36530,20416851
BRA,2001,465543,294948899
BRN,2001,256,210535
BTN,2001,69,47102
CAF,2001,3940,2677290
CHN,2001,867,473069
CIV,2001,14045,6175932
CMR,2001,8287,5198693
COD,2001,92020,62570729
COG,2001,7399,4623297
COL,2001,24082,15071163
CRI,2001,522,303721
CUB,2001,475,163254
CYM,2001,2,588
DMA,2001,5,3048
DOM,2001,236,104579
ECU,2001,4701,3195732
ETH,2001,1399,917591
FJI,2001,13,7008
GAB,2001,5118,3213738
GHA,2001,1700,798338
GIN,2001,288,144899
GLP,2001,3,1678
GNB,2001,9,2456
GNQ,2001,603,379520
GTM,2001,3979,2071393
GUF,2001,902,725373
GUY,2001,1835,1254374
HND,2001,4747,2638691
HTI,2001,10,4973
IDN,2001,114394,109222874
IND,2001,5542,3322220
JAM,2001,90,51023
KEN,2001,2391,1378696
KHM,2001,8908,5259288
KNA,2001,2,986
LAO,2001,10263,6256066
LBR,2001,2081,1062051
LCA,2001,1,633
LKA,2001,116,49328
MAF,2001,0,174
MDG,2001,21194,11483277
MDV,2001,0,0
MEX,2001,8045,3960565
MMR,2001,9308,5589933
MOZ,2001,48,23999
MSR,2001,0,248
MTQ,2001,2,863
MWI,2001,3,1397
MYS,2001,24068,19793424
NGA,2001,3495,1370605
NIC,2001,1853,1068508
NPL,2001,59,36610
PAN,2001,1187,738361
PER,2001,28699,19266386
PHL,2001,1655,1181883
PLW,2001,7,5852
PNG,2001,10238,8701775
PRI,2001,29,17098
PRY,2001,13534,5182738
RWA,2001,11,6815
SLB,2001,746,601733
SLE,2001,267,136020
SLV,2001,11,6627
SSD,2001,11,6360
SUR,2001,1145,925895
SXM,2001,0,35
TCA,2001,1,105
TGO,2001,2,763
THA,2001,2035,1247487
TTO,2001,83,66867
TWN,2001,63,38223
TZA,2001,1579,956710
UGA,2001,3742,1864308
USA,2001,34,16054
VCT,2001,0,38
VEN,2001,10438,6605158
VGB,2001,1,365
VIR,2001,0,215
VNM,2001,12002,7026421
VUT,2001,17,10583
ZAF,2001,54,27022
ZMB,2001,92,44759
ZWE,2001,9,4708
AGO,2002,3500,2040163
ARG,2002,9317,3387228
AUS,2002,1,273
BDI,2002,4,2293
BEN,2002,0,69
BGD,2002,619,371210
BHS,2002,0,38
BLZ,2002,5574,2799124
BOL,2002,70601,37157173
BRA,2002,1621765,961863426
BRN,2002,475,378591
BTN,2002,120,77533
CAF,2002,7005,4545302
CHN,2002,1823,1013974
CIV,2002,24186,10324060
CMR,2002,10612,6676362
COD,2002,168993,112916171
COG,2002,9974,6271323
COL,2002,63302,38751076
CRI,2002,752,429367
CUB,2002,2958,766616
CYM,2002,1,167
DMA,2002,2,1017
DOM,2002,451,183475
ECU,2002,5693,4099412
ETH,2002,1569,981147
FJI,2002,19,10628
GAB,2002,7002,4361304
GHA,2002,4438,1999544
GIN,2002,1101,489731
GLP,2002,3,1527
GNB,2002,137,36395
GNQ,2002,1138,714107
GTM,2002,16082,7832582
GUF,2002,1628,1288394
GUY,2002,2825,1933252
HND,2002,7344,3978951
HTI,2002,17,9734
IDN,2002,271745,267178234
IND,2002,11718,6368739
JAM,2002,280,149148
KEN,2002,2974,1704979
KHM,2002,18576,10404864
KNA,2002,3,1378
LAO,2002,13700,8037938
LBR,2002,7330,3627628
LCA,2002,2,893
LKA,2002,524,204252
MAF,2002,3,1040
MDG,2002,27045,14525710
MEX,2002,14329,6102024
MMR,2002,12939,7692395
MOZ,2002,144,64094
MSR,2002,1,415
MTQ,2002,3,1579
MWI,2002,2,1053
MYS,2002,61820,50370842
NGA,2002,6132,2316133
NIC,2002,5755,3255889
NPL,2002,170,108165
PAN,2002,1889,1138593
PER,2002,46059,30254681
PHL,2002,3499,2432462
PLW,2002,27,21853
PNG,2002,23530,19959041
PRI,2002,39,20783
PRY,2002,50509,18028634
RWA,2002,5,2704
SEN,2002,0,56
SGP,2002,0,35
SLB,2002,2129,1717323
SLE,2002,250,108350
SLV,2002,53,33481
SSD,2002,54,33481
SUR,2002,1932,1528750
SXM,2002,0,38
TGO,2002,2,677
THA,2002,3856,2321461
TTO,2002,73,40582
TWN,2002,121,62065
TZA,2002,843,454271
UGA,2002,668,368122
UMI,2002,4,0
USA,2002,13,5490
VCT,2002,0,45
VEN,2002,11323,6326528
VGB,2002,1,421
VNM,2002,11030,6401685
VUT,2002,19,10982
ZAF,2002,350,172793
ZMB,2002,62,31818
ZWE,2002,14,7644
AGO,2003,2964,1715539
ARG,2003,14448,5251243
AUS,2003,1,321
BDI,2003,52,30053
BES,2003,7,0
BGD,2003,267,157151
BHS,2003,0,14
BLZ,2003,2998,1428648
BOL,2003,77167,40880925
BRA,2003,1570576,918066076
BRN,2003,379,296628
BTN,2003,85,52699
CAF,2003,3026,2084578
CHN,2003,1590,877809
CIV,2003,16573,6929002
CMR,2003,9967,6363162
COD,2003,78138,52903280
COG,2003,9875,5933114
COL,2003,32050,19463929
CRI,2003,591,340366
CUB,2003,202,162771
DMA,2003,10,5408
DOM,2003,461,197575
ECU,2003,3379,2413235
ETH,2003,2542,1600245
FJI,2003,53,30315
GAB,2003,10674,6673125
GHA,2003,1875,840255
GIN,2003,287,136448
GLP,2003,4,2056
GNB,2003,14,4128
GNQ,2003,960,608201
GTM,2003,24305,10733408
GUF,2003,1267,983596
GUY,2003,4216,2813459
HND,2003,8856,4807068
HTI,2003,14,6536
IDN,2003,248436,253722418
IND,2003,10846,5795654
JAM,2003,152,84089
KEN,2003,1568,974204
KHM,2003,24054,13130518
KNA,2003,5,1972
LAO,2003,20471,12068239
LBR,2003,4821,2398859
LCA,2003,2,1091
LKA,2003,991,370862
MAF,2003,2,969
MDG,2003,15333,8306926
MDV,2003,1,33
MEX,2003,17925,7584870
MMR,2003,13768,8449243
MOZ,2003,92,40543
MSR,2003,0,209
MTQ,2003,7,3410
MWI,2003,10,5093
MYS,2003,60416,52411610
NGA,2003,1830,669384
NIC,2003,5124,2894800
NPL,2003,285,184485
PAN,2003,1575,942507
PER,2003,43733,28671568
PHL,2003,4275,2907470
PLW,2003,3,2585
PNG,2003,15366,13238996
PRI,2003,83,45920
PRY,2003,74444,24681820
RWA,2003,29,17363
SEN,2003,0,51
SLB,2003,1276,1019352
SLE,2003,176,84658
SLV,2003,10,5430
SSD,2003,48,28483
SUR,2003,2243,1704820
SXM,2003,0,41
TCA,2003,2,309
TGO,2003,2,450
THA,2003,4246,2540924
TTO,2003,50,27475
TWN,2003,65,37909
TZA,2003,727,369419
UGA,2003,1521,894352
USA,2003,9,3862
VCT,2003,1,231
VEN,2003,20775,11901179
VGB,2003,0,180
VIR,2003,1,387
VNM,2003,9522,5488845
VUT,2003,330,188306
ZAF,2003,327,179969
ZMB,2003,133,62950
ZWE,2003,9,4842
AGO,2004,2355,1342137
ARG,2004,28084,10353152
AUS,2004,0,212
BDI,2004,3,1616
BES,2004,0,26
BGD,2004,348,184478
BHS,2004,5,986
BLZ,2004,2103,945985
BOL,2004,96611,50806544
BRA,2004,2016477,1228168921
BRN,2004,585,452587
BTN,2004,337,221243
CAF,2004,4096,2690935
CHN,2004,3422,1895264
CIV,2004,11229,4784603
CMR,2004,9049,5606554
COD,2004,123521,82204253
COG,2004,4996,2971110
COL,2004,81695,49575613
CRI,2004,603,355816
CUB,2004,652,251657
CYM,2004,2,520
DMA,2004,22,12683
DOM,2004,1066,470862
ECU,2004,5436,3719016
ETH,2004,2730,1562680
FJI,2004,231,132025
GAB,2004,5699,3580093
GHA,2004,1583,719725
GIN,2004,553,252354
GLP,2004,9,4709
GNB,2004,76,22908
GNQ,2004,211,127930
GTM,2004,17270,8178575
GUF,2004,3269,2541209
GUY,2004,2630,1800710
HND,2004,7115,3847161
HTI,2004,53,28224
IDN,2004,479153,494207768
IND,2004,19166,10523087
JAM,2004,980,512502
KEN,2004,2974,1698228
KHM,2004,44063,24884984
KNA,2004,4,2118
LAO,2004,17947,10562462
LBR,2004,1782,883660
LCA,2004,7,3573
LKA,2004,467,184507
MAF,2004,1,387
MDG,2004,20283,11029565
MDV,2004,1,107
MEX,2004,18119,7996795
MMR,2004,23286,14146979
MOZ,2004,185,78697
MSR,2004,3,1895
MTQ,2004,13,7375
MWI,2004,6,2975
MYS,2004,113422,98096317
NGA,2004,3055,1103639
NIC,2004,3183,1797210
NPL,2004,175,103737
PAN,2004,2478,1506716
PER,2004,62035,40604619
PHL,2004,7078,4856674
PLW,2004,7,5855
PNG,2004,25103,21306953
PRI,2004,59,32504
PRY,2004,65085,24704032
RWA,2004,7,4482
SEN,2004,0,33
SLB,2004,2201,1775490
SLE,2004,235,105150
SLV,2004,78,48716
SSD,2004,81,47926
SUR,2004,2814,2186990
SXM,2004,0,93
TCA,2004,2,401
TGO,2004,0,20
THA,2004,8034,4825090
TTO,2004,152,81853
TWN,2004,388,234745
TZA,2004,724,343541
UGA,2004,1587,935945
USA,2004,32,13335
VCT,2004,2,1169
VEN,2004,15924,8886786
VGB,2004,1,361
VIR,2004,7,2714
VNM,2004,21113,12532452
VUT,2004,110,62562
ZAF,2004,430,226990
ZMB,2004,432,204151
ZWE,2004,21,11571
AGO,2005,3110,1767540
ARG,2005,31424,11424936
AUS,2005,1,240
BDI,2005,15,8632
BEN,2005,0,73
BGD,2005,306,173774
BHS,2005,3,290
BLZ,2005,3208,1527636
BOL,2005,137831,73832178
BRA,2005,1824425,1159220419
BRN,2005,603,453309
BTN,2005,316,210003
CAF,2005,5466,3531577
CHN,2005,3076,1746371
CIV,2005,6007,2390163
CMR,2005,11079,6938205
COD,2005,149894,100163255
COG,2005,8608,5251907
COL,2005,58906,36167766
CRI,2005,868,492149
CUB,2005,1024,351715
CYM,2005,2,984
DMA,2005,13,7732
DOM,2005,4977,1900238
ECU,2005,6205,4505719
ETH,2005,2302,1255531
FJI,2005,153,85546
GAB,2005,10816,6771266
GHA,2005,3406,1545223
GIN,2005,271,119430
GLP,2005,7,3671
GNB,2005,76,19066
GNQ,2005,900,556155
GTM,2005,33388,15234268
GUF,2005,2028,1570828
GUY,2005,3579,2470850
HND,2005,14158,7843773
HTI,2005,37,17583
IDN,2005,478406,499871303
IND,2005,15148,8308673
JAM,2005,3164,1717109
KEN,2005,1703,986610
KHM,2005,35969,20874680
KNA,2005,5,2276
LAO,2005,21601,12822482
LBR,2005,2168,1041157
LCA,2005,6,3334
LKA,2005,547,218122
MAF,2005,1,393
MDG,2005,22517,12074422
MDV,2005,0,0
MEX,2005,23058,10129948
MMR,2005,23421,14474204
MOZ,2005,279,132460
MSR,2005,10,5719
MTQ,2005,7,4208
MWI,2005,6,2931
MYS,2005,114496,99908351
NGA,2005,1922,760600
NIC,2005,11310,6495264
NPL,2005,235,151672
PAN,2005,2336,1435455
PER,2005,97399,63832612
PHL,2005,6333,4255317
PLW,2005,16,12940
PNG,2005,16365,13603110
PRI,2005,54,29346
PRY,2005,57705,21096634
RWA,2005,14,9414
SEN,2005,0,43
SLB,2005,3843,3084848
SLE,2005,167,80063
SLV,2005,31,18307
SSD,2005,46,26485
SUR,2005,1808,1372928
SXM,2005,0,162
TCA,2005,5,852
TGO,2005,2,420
THA,2005,10678,6489232
TTO,2005,94,52617
TWN,2005,274,169200
TZA,2005,751,382528
UGA,2005,2899,1609440
UMI,2005,46,0
USA,2005,11,4644
VCT,2005,3,1708
VEN,2005,15565,8491388
VGB,2005,2,667
VIR,2005,0,118
VNM,2005,27779,16934735
VUT,2005,53,31908
ZAF,2005,522,290018
ZMB,2005,243,114403
ZWE,2005,27,15475
ABW,2006,0,25
AGO,2006,1401,722169
ARG,2006,24101,8931038
BDI,2006,6,3180
BEN,2006,0,24
BES,2006,2,20
BGD,2006,677,393529
BHS,2006,17,1006
BLZ,2006,1897,903567
BOL,2006,118804,62745910
BRA,2006,1415580,892119519
BRN,2006,442,349709
BTN,2006,256,165384
CAF,2006,5684,3790648
CHN,2006,4804,2725121
CIV,2006,16768,7239013
CMR,2006,14846,9222043
COD,2006,146457,98365281
COG,2006,11788,7314110
COL,2006,56051,33669677
CRI,2006,713,415880
CUB,2006,467,202778
CYM,2006,3,881
DMA,2006,5,2779
DOM,2006,535,236462
ECU,2006,6438,4450781
ETH,2006,2562,1537754
FJI,2006,168,94815
GAB,2006,10495,6450480
GHA,2006,3654,1597798
GIN,2006,235,121509
GLP,2006,3,1592
GNB,2006,49,14863
GNQ,2006,761,477714
GTM,2006,18337,8760239
GUF,2006,1944,1531944
GUY,2006,3744,2604282
HND,2006,14166,7831286
HTI,2006,22,11069
IDN,2006,468382,425844505
IND,2006,15125,8142861
JAM,2006,457,247488
KEN,2006,3340,1924630
KHM,2006,43256,26230639
KNA,2006,8,3782
LAO,2006,33978,19885367
LBR,2006,6005,2933060
LCA,2006,2,1023
LKA,2006,413,187086
MAF,2006,1,252
MDG,2006,12821,6858860
MDV,2006,0,0
MEX,2006,19398,8342843
MMR,2006,23066,13863577
MOZ,2006,279,130118
MSR,2006,4,2005
MTQ,2006,3,1930
MWI,2006,16,9559
MYS,2006,113080,97982618
NGA,2006,3458,1327064
NIC,2006,8820,5097398
NPL,2006,250,147501
PAN,2006,4571,2784646
PER,2006,58813,39483168
PHL,2006,7144,4826491
PLW,2006,17,14420
PNG,2006,24785,20820054
PRI,2006,82,45323
PRY,2006,27949,10144554
RWA,2006,39,25207
SEN,2006,0,55
SGP,2006,0,133
SLB,2006,2496,1997977
SLE,2006,787,375687
SLV,2006,48,27916
SSD,2006,47,27010
SUR,2006,1893,1481394
SXM,2006,0,21
TCA,2006,1,224
TGO,2006,0,64
THA,2006,9554,5737532
TTO,2006,121,69961
TWN,2006,309,196310
TZA,2006,739,349200
UGA,2006,2891,1483068
USA,2006,20,7113
VCT,2006,0,45
VEN,2006,14244,7993595
VGB,2006,1,486
VIR,2006,2,755
VNM,2006,20138,12668763
VUT,2006,68,37448
ZAF,2006,439,244126
ZMB,2006,277,132682
ZWE,2006,26,13949
AGO,2007,8060,4747048
ARG,2007,18688,6902739
AUS,2007,14,8130
BDI,2007,14,7991
BEN,2007,0,24
BES,2007,0,65
BGD,2007,370,214842
BHS,2007,9,1521
BLZ,2007,4123,1923887
BOL,2007,114376,60250081
BRA,2007,1149563,703941481
BRN,2007,639,515761
BTN,2007,186,127631
CAF,2007,8400,5420860
CHN,2007,7514,4162667
CIV,2007,17323,7789131
CMR,2007,18347,11575340
COD,2007,154991,106481248
COG,2007,13689,8326748
COL,2007,95539,58715841
CRI,2007,845,499675
CUB,2007,465,137428
CYM,2007,2,438
DMA,2007,8,4380
DOM,2007,956,411509
ECU,2007,6995,5006628
ETH,2007,5518,3570949
FJI,2007,127,73761
GAB,2007,10584,6519989
GHA,2007,3016,1387260
GIN,2007,1035,496287
GLP,2007,5,2575
GNB,2007,65,22247
GNQ,2007,1527,966484
GTM,2007,46827,22335834
GUF,2007,2421,1890831
GUY,2007,3346,2311139
HND,2007,12660,6982353
HTI,2007,39,20393
IDN,2007,525993,550653471
IND,2007,17208,9336152
JAM,2007,227,125807
KEN,2007,3440,2027687
KHM,2007,35533,21700375
KNA,2007,3,1361
LAO,2007,44922,26462415
LBR,2007,7640,3778085
LCA,2007,5,2611
LKA,2007,675,261035
MAF,2007,1,371
MDG,2007,45970,24927421
MDV,2007,1,25
MEX,2007,28987,13237012
MMR,2007,31292,19336303
MOZ,2007,180,84920
MSR,2007,0,83
MTQ,2007,10,4799
MWI,2007,10,5037
MYS,2007,142068,124157312
NGA,2007,2753,1062735
NIC,2007,36160,21367684
NPL,2007,268,171130
PAN,2007,3111,1890194
PER,2007,77992,51009302
PHL,2007,8753,5926776
PLW,2007,33,27525
PNG,2007,25053,21223827
PRI,2007,42,23983
PRY,2007,85752,31128918
RWA,2007,9,5443
SEN,2007,0,221
SGP,2007,0,73
SLB,2007,3016,2442323
SLE,2007,476,248613
SLV,2007,48,29693
SSD,2007,102,58364
SUR,2007,2158,1676469
SXM,2007,0,39
TCA,2007,16,2844
TGO,2007,5,1589
THA,2007,11325,6878915
TTO,2007,134,75857
TWN,2007,192,124699
TZA,2007,917,488698
UGA,2007,4044,2436115
USA,2007,38,16817
VCT,2007,1,680
VEN,2007,26116,14985825
VGB,2007,3,1216
VIR,2007,1,406
VNM,2007,22282,14073466
VUT,2007,27,15504
ZAF,2007,415,244374
ZMB,2007,538,256474
ZWE,2007,16,9658
AGO,2008,2699,1557662
ARG,2008,47052,17346182
AUS,2008,0,110
BDI,2008,18,10502
BGD,2008,241,133999
BHS,2008,4,533
BLZ,2008,3609,1703315
BOL,2008,180575,92596178
BRA,2008,1075146,681432846
BRN,2008,761,647989
BTN,2008,319,202918
CAF,2008,5293,3566591
CHN,2008,4076,2320322
CIV,2008,12553,5648733
CMR,2008,15038,9698494
COD,2008,121474,81820595
COG,2008,5893,3610056
COL,2008,83619,52336399
CRI,2008,1311,767274
CUB,2008,1205,674082
CYM,2008,1,366
DMA,2008,22,12947
DOM,2008,1558,691668
ECU,2008,8953,6615037
ETH,2008,3590,2242093
FJI,2008,122,69273
GAB,2008,9314,5872626
GHA,2008,2670,1181261
GIN,2008,541,254115
GLP,2008,5,2524
GNB,2008,69,22609
GNQ,2008,2313,1488519
GTM,2008,29728,14528324
GUF,2008,3724,2893807
GUY,2008,6377,4441844
HND,2008,14680,8166188
HTI,2008,42,21640
IDN,2008,469407,425524053
IND,2008,20702,11096481
JAM,2008,279,156512
KEN,2008,1887,1084577
KHM,2008,48734,31238781
KNA,2008,9,4715
LAO,2008,24927,14732824
LBR,2008,5891,2932251
LCA,2008,4,2298
LKA,2008,498,203024
MAF,2008,0,64
MDG,2008,23616,12889322
MDV,2008,1,27
MEX,2008,29568,12693716
MMR,2008,24124,14764659
MOZ,2008,327,149572
MSR,2008,3,1508
MTQ,2008,18,10384
MWI,2008,4,2445
MYS,2008,139246,121623492
NGA,2008,4090,1590135
NIC,2008,8021,4599538
NPL,2008,171,110994
PAN,2008,6855,4238224
PER,2008,88797,60615499
PHL,2008,5656,3884302
PLW,2008,30,25717
PNG,2008,33901,28359520
PRI,2008,68,35775
PRY,2008,53657,18074890
RWA,2008,27,17375
SEN,2008,1,292
SLB,2008,4826,3879645
SLE,2008,463,248133
SLV,2008,30,17213
SSD,2008,47,26034
SUR,2008,4431,3485332
SXM,2008,1,195
TCA,2008,15,2755
TGO,2008,0,19
THA,2008,7816,4801951
TTO,2008,139,81348
TWN,2008,253,153821
TZA,2008,1056,505489
UGA,2008,4297,2433346
USA,2008,33,15168
VCT,2008,1,574
VEN,2008,19859,10977359
VGB,2008,2,906
VNM,2008,34398,23154048
VUT,2008,48,28681
ZAF,2008,541,341080
ZMB,2008,305,147723
ZWE,2008,8,5085
ABW,2009,0,37
AGO,2009,5343,3143334
ARG,2009,20819,7332558
AUS,2009,1,256
BDI,2009,13,7565
BEN,2009,0,78
BES,2009,0,0
BGD,2009,558,315350
BHS,2009,7,1352
BLZ,2009,4405,2005906
BOL,2009,108163,57385254
BRA,2009,700169,462699344
BRN,2009,1242,968765
BTN,2009,454,293560
CAF,2009,8869,5700854
CHN,2009,7281,4101390
CIV,2009,14683,6869770
CMR,2009,19722,13189382
COD,2009,218277,150527749
COG,2009,7705,4680575
COL,2009,65824,40556410
CRI,2009,1998,1169022
CUB,2009,759,311147
CYM,2009,1,457
DMA,2009,17,9835
DOM,2009,789,345482
ECU,2009,8112,5733973
ETH,2009,3993,2408403
FJI,2009,102,58482
GAB,2009,11766,7419062
GHA,2009,3538,1623746
GIN,2009,379,217058
GLP,2009,6,2920
GNB,2009,138,44685
GNQ,2009,3137,1991882
GTM,2009,37529,18147536
GUF,2009,2089,1630527
GUY,2009,4929,3391063
HND,2009,22180,12452489
HTI,2009,24,12795
IDN,2009,683828,633661130
IND,2009,17112,9222334
JAM,2009,620,354312
KEN,2009,1596,885408
KHM,2009,65268,40646513
KNA,2009,6,3164
LAO,2009,48415,28511700
LBR,2009,13356,6555797
LCA,2009,7,3932
LKA,2009,509,204856
MAF,2009,0,36
MDG,2009,34019,18697464
MDV,2009,1,22
MEX,2009,46684,19772990
MMR,2009,41647,25671863
MOZ,2009,444,217613
MSR,2009,3,1533
MTQ,2009,17,9256
MWI,2009,13,6713
MYS,2009,235835,218475774
NGA,2009,3924,1495266
NIC,2009,16023,9238728
NPL,2009,477,239216
PAN,2009,5559,3478137
PER,2009,120186,79620964
PHL,2009,6946,4743873
PLW,2009,13,11220
PNG,2009,23180,19437094
PRI,2009,58,33102
PRY,2009,49612,16708102
RWA,2009,13,8188
SEN,2009,0,70
SLB,2009,3126,2426125
SLE,2009,961,427707
SLV,2009,51,32317
SSD,2009,23,11789
SUR,2009,4227,3313834
SXM,2009,1,471
TCA,2009,51,9412
TGO,2009,1,246
THA,2009,13198,8048192
TTO,2009,119,72152
TWN,2009,3095,1863713
TZA,2009,938,451294
UGA,2009,2386,1309746
USA,2009,40,18704
VCT,2009,3,1541
VEN,2009,23435,13052011
VGB,2009,3,1317
VIR,2009,1,495
VNM,2009,46798,32321861
VUT,2009,825,476726
ZAF,2009,447,274436
ZMB,2009,1299,613140
ZWE,2009,19,11753
AGO,2010,5226,3002106
ARG,2010,31311,10894765
AUS,2010,2,859
BDI,2010,13,7734
BEN,2010,0,94
BES,2010,0,0
BGD,2010,235,120890
BHS,2010,5,981
BLZ,2010,4769,2197134
BOL,2010,267751,137826736
BRA,2010,1153025,724195155
BRN,2010,524,425199
BTN,2010,819,507094
CAF,2010,11148,7524922
CHN,2010,5128,2844653
CIV,2010,17374,8162421
CMR,2010,26815,15919514
COD,2010,265180,178125484
COG,2010,20598,13150662
COL,2010,68739,42609056
CRI,2010,1107,640550
CUB,2010,126,55984
CYM,2010,7,2047
DMA,2010,21,12167
DOM,2010,678,308713
ECU,2010,8491,6083175
ETH,2010,3455,2107021
FJI,2010,187,107924
GAB,2010,6237,3944622
GHA,2010,1648,746331
GIN,2010,333,162589
GLP,2010,11,6234
GNB,2010,139,44673
GNQ,2010,3212,1931888
GTM,2010,22750,11450632
GUF,2010,2428,1908708
GUY,2010,6656,4576136
HND,2010,21407,12020067
HTI,2010,13,5996
IDN,2010,540976,562382671
IND,2010,11361,6272262
JAM,2010,438,247029
KEN,2010,6749,3769290
KHM,2010,124772,77874531
KNA,2010,6,3245
LAO,2010,49980,29579678
LBR,2010,4633,2370223
LCA,2010,9,5151
LKA,2010,354,134210
MAF,2010,0,166
MDG,2010,23825,13065736
MDV,2010,1,65
MEX,2010,27933,12553822
MMR,2010,40067,24692124
MOZ,2010,658,295774
MSR,2010,21,11157
MTQ,2010,6,3829
MWI,2010,5,2578
MYS,2010,139647,122017115
NGA,2010,6781,2636584
NIC,2010,30518,17687999
NPL,2010,142,85405
PAN,2010,2965,1847215
PER,2010,100970,67793664
PHL,2010,8880,6047345
PLW,2010,11,8985
PNG,2010,32760,27709835
PRI,2010,28,16166
PRY,2010,72835,25024380
RWA,2010,24,15959
SEN,2010,0,129
SLB,2010,3225,2581829
SLE,2010,301,145263
SLV,2010,64,37327
SSD,2010,78,49133
SUR,2010,4797,3860082
SXM,2010,0,36
TCA,2010,7,1295
TGO,2010,0,81
THA,2010,12206,7494868
TTO,2010,358,199951
TWN,2010,581,364647
TZA,2010,1086,569373
UGA,2010,4757,2629257
USA,2010,29,13265
VCT,2010,4,2074
VEN,2010,25809,15166835
VGB,2010,2,1001
VIR,2010,0,162
VNM,2010,64629,43871495
VUT,2010,129,73904
ZAF,2010,273,164215
ZMB,2010,2850,1385258
ZWE,2010,4,2354
AGO,2011,4259,2388539
ARG,2011,17366,6156622
AUS,2011,0,12
BDI,2011,7,4189
BEN,2011,0,38
BES,2011,5,0
BGD,2011,263,143810
BHS,2011,2,643
BLZ,2011,16295,7797500
BOL,2011,162625,84587527
BRA,2011,803049,509213024
BRN,2011,1662,1372926
BTN,2011,379,223646
CAF,2011,9501,6184084
CHN,2011,5029,2840590
CIV,2011,29740,13273644
CMR,2011,13506,8195119
COD,2011,148639,100655655
COG,2011,13755,8839146
COL,2011,72601,45143466
CRI,2011,998,590206
CUB,2011,311,78447
CYM,2011,3,1100
DMA,2011,13,7646
DOM,2011,582,265698
ECU,2011,11175,8376954
ETH,2011,2652,1696336
FJI,2011,55,32041
GAB,2011,8689,5408516
GHA,2011,2772,1227906
GIN,2011,400,212362
GLP,2011,3,1921
GNB,2011,149,44520
GNQ,2011,3710,2355283
GTM,2011,17213,8850382
GUF,2011,2153,1695327
GUY,2011,5831,4110030
HND,2011,20323,11380713
HTI,2011,28,13759
IDN,2011,613906,638805410
IND,2011,16287,8866446
JAM,2011,321,180483
KEN,2011,1410,799640
KHM,2011,124149,84768058
KNA,2011,3,1534
LAO,2011,43373,25571497
LBR,2011,5797,2879231
LCA,2011,17,10268
LKA,2011,491,190812
MAF,2011,6,2369
MDG,2011,54167,29512011
MDV,2011,3,98
MEX,2011,29571,12934078
MMR,2011,25248,16140812
MOZ,2011,126,58925
MSR,2011,2,935
MTQ,2011,11,6237
MWI,2011,3,1240
MYS,2011,161191,145233920
NGA,2011,7403,2906400
NIC,2011,14501,8468152
NPL,2011,104,66263
PAN,2011,4757,2907454
PER,2011,88886,59631953
PHL,2011,4919,3424590
PLW,2011,14,11925
PNG,2011,26450,22798801
PRI,2011,38,21878
PRY,2011,64119,24216128
RWA,2011,7,4457
SEN,2011,1,408
SLB,2011,3095,2465417
SLE,2011,601,284397
SLV,2011,71,43268
SSD,2011,147,88329
SUR,2011,4125,3348730
SXM,2011,1,513
TCA,2011,1,131
TGO,2011,1,170
THA,2011,8567,5275820
TTO,2011,66,39241
TWN,2011,240,149925
TZA,2011,803,395648
UGA,2011,7940,4447456
USA,2011,43,18750
VCT,2011,4,2009
VEN,2011,15590,8899285
VGB,2011,6,2819
VIR,2011,1,355
VNM,2011,45403,34462567
VUT,2011,367,210838
ZAF,2011,349,237450
ZMB,2011,177,84176
ZWE,2011,4,2142
AGO,2012,5595,3218378
ARG,2012,24810,8157529
AUS,2012,1,611
BDI,2012,5,2685
BEN,2012,0,99
BES,2012,0,32
BGD,2012,327,192855
BHS,2012,8,1855
BLZ,2012,6762,3065948
BOL,2012,148294,76263489
BRA,2012,1116088,716700087
BRN,2012,1119,860236
BTN,2012,315,200872
CAF,2012,10780,6814954
CHN,2012,7911,4535324
CIV,2012,23086,10728688
CMR,2012,25417,15770704
COD,2012,211234,144923369
COG,2012,14806,9419815
COL,2012,69587,43768303
CRI,2012,754,450174
CUB,2012,244,101035
CYM,2012,2,572
DMA,2012,40,23576
DOM,2012,1569,686454
ECU,2012,16354,11524370
ETH,2012,5077,3169382
FJI,2012,73,40642
GAB,2012,9508,5927698
GHA,2012,2501,1133363
GIN,2012,589,315886
GLP,2012,12,6489
GNB,2012,110,32515
GNQ,2012,2292,1456169
GTM,2012,27789,13970841
GUF,2012,7426,5829937
GUY,2012,8942,6262618
HND,2012,10008,5443911
HTI,2012,48,24323
IDN,2012,855534,829501665
IND,2012,18804,10278290
JAM,2012,473,269555
KEN,2012,1664,951737
KHM,2012,115205,78256422
KNA,2012,4,2010
LAO,2012,42486,25255679
LBR,2012,11268,5710271
LCA,2012,11,6562
LKA,2012,1585,619833
MAF,2012,1,605
MDG,2012,32423,17564733
MDV,2012,0,0
MEX,2012,28225,12729484
MMR,2012,34051,22184923
MOZ,2012,397,200109
MSR,2012,1,370
MTQ,2012,22,12394
MWI,2012,17,8334
MYS,2012,244307,212111005
NGA,2012,6062,2343616
NIC,2012,7265,4137310
NPL,2012,209,132555
PAN,2012,3115,1938051
PER,2012,177236,118052685
PHL,2012,6889,4883318
PLW,2012,8,6649
PNG,2012,39701,34808918
PRI,2012,34,20597
PRY,2012,83806,29680416
RWA,2012,7,3983
SGP,2012,0,168
SLB,2012,5253,4274305
SLE,2012,613,286534
SLV,2012,41,24992
SSD,2012,87,45750
SUR,2012,13540,10992236
TCA,2012,2,315
TGO,2012,1,403
THA,2012,8092,4968357
TTO,2012,94,54503
TWN,2012,238,116253
TZA,2012,1365,628229
UGA,2012,4559,2598463
UMI,2012,0,0
USA,2012,96,44481
VCT,2012,3,1806
VEN,2012,22125,12478718
VGB,2012,0,172
VIR,2012,0,155
VNM,2012,68337,51121827
VUT,2012,62,38067
ZAF,2012,335,219873
ZMB,2012,950,448777
ZWE,2012,63,40246
AGO,2013,9264,5173962
ARG,2013,56675,18470555
AUS,2013,2,1023
BDI,2013,11,5796
BEN,2013,2,554
BES,2013,0,0
BGD,2013,188,108610
BHS,2013,3,757
BLZ,2013,8449,3956983
BOL,2013,82290,42489934
BRA,2013,632094,408186451
BRN,2013,609,457838
BTN,2013,191,112666
CAF,2013,6481,4257077
CHN,2013,5569,3295804
CIV,2013,18853,8409699
CMR,2013,42764,27248198
COD,2013,351217,247183484
COG,2013,24818,15864629
COL,2013,57713,36819286
CRI,2013,760,447967
CUB,2013,68,21351
CYM,2013,5,1744
DMA,2013,5,2826
DOM,2013,263,112683
ECU,2013,11590,8643056
ETH,2013,6609,3867173
FJI,2013,453,269982
GAB,2013,25802,16241732
GHA,2013,5112,2268023
GIN,2013,1030,500410
GLP,2013,2,1073
GNB,2013,476,148576
GNQ,2013,4065,2496850
GTM,2013,19870,9990279
GUF,2013,1990,1544252
GUY,2013,4512,3094868
HND,2013,16970,9399611
HTI,2013,14,7551
IDN,2013,472991,449885140
IND,2013,14399,7821636
JAM,2013,130,70661
KEN,2013,1623,698105
KHM,2013,123195,86505279
KNA,2013,3,1490
LAO,2013,41318,24579500
LBR,2013,16258,8180874
LCA,2013,2,1189
LKA,2013,226,70976
MAF,2013,0,126
MDG,2013,65211,35780984
MDV,2013,1,0
MEX,2013,36628,15464791
MMR,2013,31384,20299906
MOZ,2013,946,503527
MSR,2013,0,204
MTQ,2013,2,1058
MWI,2013,18,11323
MYS,2013,106041,90800456
NGA,2013,6385,2553643
NIC,2013,14016,8094741
NPL,2013,51,30563
PAN,2013,3721,2210664
PER,2013,142870,98023353
PHL,2013,10835,7572364
PLW,2013,6,4373
PNG,2013,30630,26789902
PRI,2013,20,11233
PRY,2013,53487,20265894
RWA,2013,15,8725
SLB,2013,5597,4521392
SLE,2013,2463,1140835
SLV,2013,16,9176
SSD,2013,144,78616
SUR,2013,6628,5317737
SXM,2013,1,182
TCA,2013,4,1015
TGO,2013,4,1075
THA,2013,3973,2342010
TTO,2013,103,59424
TWN,2013,153,40940
TZA,2013,2629,1213595
UGA,2013,3559,1818407
USA,2013,86,37817
VCT,2013,1,448
VEN,2013,15349,8648329
VGB,2013,1,532
VIR,2013,0,174
VNM,2013,26715,19551817
VUT,2013,231,135173
ZAF,2013,541,336676
ZMB,2013,1598,750583
ZWE,2013,100,51695
AGO,2014,10993,5875858
ARG,2014,19290,6506750
AUS,2014,20,10618
BDI,2014,48,23656
BEN,2014,4,1171
BES,2014,0,0
BGD,2014,458,268607
BHS,2014,2,384
BLZ,2014,9026,4086395
BOL,2014,133268,69720795
BRA,2014,940905,604050068
BRN,2014,1380,1032300
BTN,2014,463,286345
CAF,2014,8935,5395280
CHN,2014,5131,2952239
CIV,2014,36119,16461425
CMR,2014,89176,56615349
COD,2014,439345,299824170
COG,2014,31143,19831922
COL,2014,80036,50447456
CRI,2014,958,561380
CUB,2014,59,20262
CYM,2014,1,186
DMA,2014,2,1185
DOM,2014,740,293565
ECU,2014,6330,4572359
ETH,2014,5632,3173817
FJI,2014,244,137596
GAB,2014,29149,18580864
GHA,2014,7456,3271579
GIN,2014,754,369478
GLP,2014,2,997
GNB,2014,448,143376
GNQ,2014,10678,6844045
GTM,2014,18237,8877719
GUF,2014,2814,2165113
GUY,2014,7790,5368306
HND,2014,22265,12422578
HTI,2014,11,5249
IDN,2014,736798,685252266
IND,2014,21942,11812418
JAM,2014,277,148516
KEN,2014,1210,503172
KHM,2014,89450,61464722
KNA,2014,2,1265
LAO,2014,46969,27370373
LBR,2014,18963,9482158
LCA,2014,3,1543
LKA,2014,365,113301
MAF,2014,1,310
MDG,2014,78699,43279898
MDV,2014,2,7
MEX,2014,23837,10561614
MMR,2014,42157,26662786
MOZ,2014,645,334698
MSR,2014,0,86
MTQ,2014,1,414
MWI,2014,17,7598
MYS,2014,230429,189997672
NGA,2014,9928,4126737
NIC,2014,23321,13425061
NPL,2014,59,35060
PAN,2014,2702,1640052
PER,2014,133107,90068154
PHL,2014,11484,8022369
PLW,2014,22,16044
PNG,2014,58478,49845120
PRI,2014,20,10614
PRY,2014,38157,17530257
RWA,2014,34,20082
SEN,2014,0,215
SLB,2014,10327,8283178
SLE,2014,1762,786868
SLV,2014,25,14368
SSD,2014,86,40680
SUR,2014,9659,7841017
SXM,2014,0,75
TCA,2014,7,1283
TGO,2014,26,6757
THA,2014,4650,2814428
TTO,2014,149,87309
TWN,2014,93,49622
TZA,2014,3420,1659791
UGA,2014,3436,1762454
USA,2014,163,72662
VCT,2014,1,694
VEN,2014,20609,11643792
VGB,2014,0,34
VNM,2014,41830,27782220
VUT,2014,119,69101
ZAF,2014,516,360626
ZMB,2014,2060,968781
ZWE,2014,38,24128
AGO,2015,9000,5011558
ARG,2015,10542,3633411
BDI,2015,17,7702
BEN,2015,0,73
BGD,2015,206,115666
BHS,2015,2,474
BLZ,2015,6600,2986346
BOL,2015,83299,41543839
BRA,2015,828870,538144044
BRN,2015,807,588017
BTN,2015,279,156419
CAF,2015,5064,3280646
CHN,2015,3645,2106729
CIV,2015,15592,7232412
CMR,2015,40994,26836028
COD,2015,322814,225390816
COG,2015,18197,11607122
COL,2015,49643,31344796
CRI,2015,221,129552
CUB,2015,155,33963
DOM,2015,1821,778129
ECU,2015,8472,6357930
ETH,2015,1200,687707
FJI,2015,119,68966
GAB,2015,15816,10438088
GHA,2015,3621,1668467
GIN,2015,1136,558152
GLP,2015,4,2192
GNB,2015,408,135468
GNQ,2015,4051,2634454
GTM,2015,16722,8095956
GUF,2015,1945,1502463
GUY,2015,8463,5797911
HND,2015,15366,8472261
HTI,2015,20,11428
IDN,2015,666642,585499521
IND,2015,20997,11554230
JAM,2015,203,109213
KEN,2015,3055,1225671
KHM,2015,70632,47655216
LAO,2015,58992,35675624
LBR,2015,25850,13112868
LCA,2015,0,243
LKA,2015,361,128750
MDG,2015,57831,31544699
MEX,2015,32682,13796883
MMR,2015,41429,26081240
MOZ,2015,560,303437
MTQ,2015,0,90
MWI,2015,22,12596
MYS,2015,154354,124805159
NGA,2015,5318,2125131
NIC,2015,12543,7168933
NPL,2015,98,50701
PAN,2015,2027,1232742
PER,2015,104864,70514492
PHL,2015,6477,4403741
PNG,2015,77941,65071455
PRI,2015,21,11676
PRY,2015,28271,13701247
RWA,2015,9,5906
SEN,2015,1,644
SGP,2015,0,46
SLB,2015,9287,7678242
SLE,2015,3170,1426937
SLV,2015,38,23410
SSD,2015,65,33041
SUR,2015,8080,6518972
TCA,2015,5,963
THA,2015,2326,1384630
TTO,2015,100,59924
TWN,2015,25,15428
TZA,2015,1519,640824
UGA,2015,3129,1493038
USA,2015,266,125242
VEN,2015,15546,8763557
VNM,2015,38582,25198034
VUT,2015,699,380795
ZAF,2015,533,355991
ZMB,2015,2336,1109064
ZWE,2015,62,42266
AGO,2016,12048,6693569
ARG,2016,15242,5633668
AUS,2016,7,3062
BDI,2016,28,13521
BEN,2016,13,3569
BGD,2016,345,206139
BHS,2016,1459,295215
BLZ,2016,11477,5766168
BOL,2016,246088,121733295
BRA,2016,2830977,1860243092
BRN,2016,1090,866178
BTN,2016,704,423047
CAF,2016,20130,13335518
CHN,2016,3709,2101502
CIV,2016,16912,8005168
CMR,2016,58602,38210274
COD,2016,499560,353363284
COG,2016,43659,29930744
COL,2016,108566,68852601
CRI,2016,1581,926674
CUB,2016,302,100697
CYM,2016,37,8363
DMA,2016,2,1212
DOM,2016,2867,1296830
ECU,2016,13198,9843853
ETH,2016,2874,1661565
FJI,2016,3094,1822514
GAB,2016,18886,12542807
GHA,2016,13749,5887965
GIN,2016,1543,778102
GLP,2016,0,41
GNB,2016,527,174148
GNQ,2016,5046,3240733
GTM,2016,63225,31497368
GUF,2016,3922,3064156
GUY,2016,16689,10869234
HND,2016,46024,24862987
HTI,2016,2031,1030213
IDN,2016,928660,842093389
IND,2016,30936,17321955
JAM,2016,726,470835
KEN,2016,2052,884816
KHM,2016,93616,60419939
KNA,2016,3,1460
LAO,2016,76479,46792698
LBR,2016,19754,9937990
LCA,2016,42,24850
LKA,2016,425,157346
MDG,2016,74991,41126534
MEX,2016,50145,22048147
MMR,2016,54825,34415403
MOZ,2016,924,523763
MSR,2016,3,1368
MTQ,2016,1,544
MWI,2016,23,12170
MYS,2016,185215,144520830
NGA,2016,12336,4815925
NIC,2016,47410,27597292
NPL,2016,184,95315
PAN,2016,5905,3626904
PER,2016,142720,95777436
PHL,2016,13387,8994471
PNG,2016,80232,64908484
PRI,2016,27,15137
PRY,2016,45863,18421062
RWA,2016,23,14575
SEN,2016,0,119
SGP,2016,0,216
SLB,2016,11672,9516529
SLE,2016,2963,1384961
SLV,2016,413,250066
SSD,2016,86,43063
SUR,2016,10457,8456639
SXM,2016,0,51
TCA,2016,4,784
TGO,2016,242,70515
THA,2016,4806,2877409
TTO,2016,153,89230
TWN,2016,99,58848
TZA,2016,2227,929368
UGA,2016,4314,1893573
USA,2016,285,132914
VCT,2016,6,3170
VEN,2016,84705,52755961
VGB,2016,1,661
VIR,2016,2,936
VNM,2016,68855,46526661
VUT,2016,225,123600
ZAF,2016,595,365370
ZMB,2016,2855,1365549
ZWE,2016,50,32895
AGO,2017,11180,6153129
ARG,2017,17189,6439112
AUS,2017,6,3218
BDI,2017,14,6718
BEN,2017,1,562
BGD,2017,414,242745
BHS,2017,16,2345
BLZ,2017,6591,3037074
BOL,2017,270346,135862489
BRA,2017,2134649,1296951331
BRN,2017,518,404342
BTN,2017,791,489657
CAF,2017,15443,9808909
CHN,2017,2380,1359796
CIV,2017,20418,9606019
CMR,2017,89783,55420359
COD,2017,471868,331726144
COG,2017,26703,17665565
COL,2017,161945,100724012
CRI,2017,7695,4267591
CUB,2017,28907,19652411
CYM,2017,37,8149
DMA,2017,14943,8582252
DOM,2017,1575,741489
ECU,2017,21085,15907685
ETH,2017,7631,4352067
FJI,2017,566,335793
GAB,2017,22916,15129583
GHA,2017,7689,3358288
GIN,2017,1676,875985
GLP,2017,3,1567
GNB,2017,504,167750
GNQ,2017,6468,4261219
GTM,2017,22036,11125819
GUF,2017,2739,2179887
GUY,2017,13505,9348826
HND,2017,37700,20876577
HTI,2017,379,198250
IDN,2017,373255,297801293
IND,2017,29563,16507140
JAM,2017,355,198772
KEN,2017,3134,1502707
KHM,2017,53750,34724510
LAO,2017,60711,35770537
LBR,2017,24957,12626111
LCA,2017,18,10667
LKA,2017,627,257603
MAF,2017,1,229
MDG,2017,109612,59879460
MEX,2017,55702,23902755
MMR,2017,39689,24695873
MOZ,2017,3279,1915499
MTQ,2017,5,2359
MWI,2017,29,17393
MYS,2017,162417,124189294
NGA,2017,17389,6767700
NIC,2017,150585,82513561
NPL,2017,411,255186
PAN,2017,5913,3653989
PER,2017,181090,118157210
PHL,2017,13698,9305127
PNG,2017,63581,54369956
PRI,2017,15000,9200412
PRY,2017,70056,27490179
RWA,2017,14,9427
SEN,2017,0,802
SLB,2017,14327,11661338
SLE,2017,4181,1926875
SLV,2017,129,75827
SSD,2017,235,126551
SUR,2017,13718,11292606
SXM,2017,1,294
TCA,2017,14,2655
TGO,2017,10,2951
THA,2017,3745,2253689
TTO,2017,139,82720
TWN,2017,151,95242
TZA,2017,2204,1022525
UGA,2017,4858,1994259
USA,2017,26,11186
VCT,2017,5,2904
VEN,2017,43759,24490211
VGB,2017,101,39241
VIR,2017,52,26795
VNM,2017,45012,32135367
VUT,2017,188,116360
ZAF,2017,2016,867558
ZMB,2017,3349,1587368
ZWE,2017,275,178833
ABW,2018,0,82
AGO,2018,13520,7669671
ARG,2018,9494,3452061
ATG,2018,4,1184
AUS,2018,0,185
BDI,2018,33,16229
BEN,2018,0,283
BGD,2018,359,203892
BHS,2018,14,2055
BLZ,2018,4789,2112597
BOL,2018,154489,77946134
BRA,2018,1347133,897620832
BRN,2018,450,331378
BTN,2018,406,259703
CAF,2018,7742,5089681
CHN,2018,1459,832345
CIV,2018,25669,12336751
CMR,2018,57935,38233368
COD,2018,481248,337520384
COG,2018,26847,17765632
COL,2018,176977,110679230
CRI,2018,1708,1009372
CUB,2018,2552,1731765
CYM,2018,25,5721
DMA,2018,586,344419
DOM,2018,294,130970
ECU,2018,13220,9880424
ETH,2018,3798,2195066
FJI,2018,199,112353
GAB,2018,12251,7895127
GHA,2018,12289,5295449
GIN,2018,1138,576184
GLP,2018,9,4244
GNB,2018,451,139151
GNQ,2018,4036,2609853
GTM,2018,18330,9281746
GUF,2018,2617,2097319
GUY,2018,7628,5179649
HND,2018,32645,18400675
HTI,2018,27,14295
IDN,2018,339888,269194878
IND,2018,19310,10552329
JAM,2018,293,164437
KEN,2018,2649,1172205
KHM,2018,45538,29000577
KNA,2018,1,411
LAO,2018,54581,31650801
LBR,2018,27854,14043143
LCA,2018,9,5578
LKA,2018,437,195481
MDG,2018,94785,52487749
MEX,2018,45321,20493022
MMR,2018,35913,21872839
MOZ,2018,537,284917
MSR,2018,3,1976
MTQ,2018,2,1085
MWI,2018,28,15391
MYS,2018,144571,110098416
NGA,2018,15183,5981313
NIC,2018,32009,18901657
NPL,2018,151,93105
PAN,2018,6121,3761991
PER,2018,140185,94160478
PHL,2018,9222,6249580
PLW,2018,1,1080
PNG,2018,77266,65368493
PRI,2018,512,322341
PRY,2018,25298,8814114
RWA,2018,40,26029
SEN,2018,0,78
SGP,2018,0,42
SLB,2018,13351,10900655
SLE,2018,3401,1576488
SLV,2018,80,46518
SSD,2018,79,39617
SUR,2018,15367,12747183
TCA,2018,15,2262
TGO,2018,2,594
THA,2018,1948,1179603
TTO,2018,136,80690
TWN,2018,83,45183
TZA,2018,2263,1015547
UGA,2018,4088,1526088
USA,2018,88,38987
VCT,2018,1,360
VEN,2018,30169,17402519
VGB,2018,3,1134
VIR,2018,17,7776
VNM,2018,33386,25220581
VUT,2018,239,166096
ZAF,2018,778,484746
ZMB,2018,2411,1165287
ZWE,2018,27,20020
AGO,2019,10005,5677310
ARG,2019,8965,3606908
AUS,2019,1,289
BDI,2019,14,6537
BEN,2019,3,1018
BGD,2019,388,228887
BHS,2019,6,983
BLZ,2019,8745,3963649
BOL,2019,290499,145790356
BRA,2019,1361094,904870797
BRN,2019,448,327904
BTN,2019,294,176485
CAF,2019,11530,7607371
CHN,2019,1363,769138
CIV,2019,11649,5611660
CMR,2019,54422,34564583
COD,2019,475246,338845050
COG,2019,30648,19915014
COL,2019,115090,70938167
CRI,2019,1427,834142
CUB,2019,90,33559
CYM,2019,1,1824
DMA,2019,2,1452
DOM,2019,510,223045
ECU,2019,12231,9182838
ETH,2019,7380,4409876
FJI,2019,77,45988
GAB,2019,13816,8987961
GHA,2019,5822,2565375
GIN,2019,1057,541744
GLP,2019,5,3044
GNB,2019,372,133468
GNQ,2019,4277,2788324
GTM,2019,30255,15490770
GUF,2019,2271,1833428
GUY,2019,12964,8578932
HND,2019,32911,18502518
HTI,2019,35,21833
IDN,2019,323646,258114769
IND,2019,17347,9667327
JAM,2019,254,141206
KEN,2019,2798,1251274
KHM,2019,62886,39507423
KNA,2019,2,709
LAO,2019,72038,41603624
LBR,2019,23408,11998911
LCA,2019,1,438
LKA,2019,412,160414
MDG,2019,54257,29871445
MEX,2019,65826,30277664
MMR,2019,38310,23447863
MOZ,2019,801,488077
MSR,2019,3,1302
MTQ,2019,1,769
MWI,2019,44,20814
MYS,2019,120180,93600567
NGA,2019,12095,4739481
NIC,2019,33913,20021177
NPL,2019,192,120010
PAN,2019,6234,3822972
PER,2019,161590,109724513
PHL,2019,7586,5178271
PLW,2019,4,2843
PNG,2019,57963,49560615
PRI,2019,27,14661
PRY,2019,50818,20443230
RWA,2019,14,9466
SEN,2019,1,394
SGP,2019,15,13527
SLB,2019,12324,10008040
SLE,2019,3543,1710155
SLV,2019,63,37062
SSD,2019,336,175613
SUR,2019,14013,11499105
TCA,2019,4,694
TGO,2019,0,68
THA,2019,2621,1555923
TTO,2019,126,75188
TWN,2019,58,32297
TZA,2019,2668,1318048
UGA,2019,3335,1424996
USA,2019,74,36008
VCT,2019,0,162
VEN,2019,58827,34151491
VGB,2019,1,258
VIR,2019,1,219
VNM,2019,30894,23251164
VUT,2019,52,31657
ZAF,2019,938,653211
ZMB,2019,2545,1241026
ZWE,2019,50,37203
AGO,2020,8918,4980718
ARG,2020,20834,8037308
AUS,2020,1,161
BDI,2020,27,14460
BEN,2020,2,437
BES,2020,7,2831
BGD,2020,460,268019
BHS,2020,5,770
BLZ,2020,15951,8044608
BOL,2020,276883,139415433
BRA,2020,1704092,1074057251
BRN,2020,544,396788
BTN,2020,473,293392
CAF,2020,14742,9708845
CHN,2020,1139,612463
CIV,2020,12959,6298921
CMR,2020,100295,67826303
COD,2020,490613,350574831
COG,2020,26296,17003042
COL,2020,166485,104884103
CRI,2020,1279,783406
CUB,2020,306,100163
CYM,2020,0,446
DMA,2020,10,5573
DOM,2020,1850,811347
ECU,2020,19747,15204906
ETH,2020,4603,2637036
FJI,2020,167,100331
GAB,2020,10629,6769416
GHA,2020,14272,6343409
GIN,2020,1299,676777
GLP,2020,3,1452
GNB,2020,507,183284
GNQ,2020,1977,1315467
GTM,2020,39451,19568088
GUF,2020,3136,2523474
GUY,2020,10763,7331062
HND,2020,41688,23297355
HTI,2020,16,9379
IDN,2020,270057,214295852
IND,2020,20809,11438540
JAM,2020,244,134783
KEN,2020,3545,1470843
KHM,2020,62295,39039250
KNA,2020,4,1518
LAO,2020,82239,47710691
LBR,2020,31822,16312940
LCA,2020,3,1786
LKA,2020,283,104981
MAF,2020,1,543
MDG,2020,57748,32074693
MEX,2020,68423,27936051
MMR,2020,44445,27454448
MOZ,2020,307,157498
MSR,2020,1,316
MTQ,2020,4,2128
MWI,2020,146,66029
MYS,2020,72977,57251486
NGA,2020,14587,5918074
NIC,2020,52626,30490829
NPL,2020,170,96174
PAN,2020,6593,4008681
PER,2020,190199,128729460
PHL,2020,7751,5255433
PLW,2020,4,3047
PNG,2020,44865,37732963
PRI,2020,27,15723
PRY,2020,58572,26290298
RWA,2020,113,65107
SEN,2020,1,549
SGP,2020,19,18095
SLB,2020,10458,8609976
SLE,2020,2957,1422438
SLV,2020,90,52405
SSD,2020,86,47874
SUR,2020,11076,9164565
TCA,2020,10,2050
TGO,2020,1,315
THA,2020,3573,2125285
TTO,2020,145,80710
TWN,2020,49,23161
TZA,2020,3466,1684883
UGA,2020,3585,1698795
USA,2020,40,16086
VEN,2020,53702,31033473
VIR,2020,0,42
VNM,2020,32620,23789060
VUT,2020,1675,1089518
ZAF,2020,880,562668
ZMB,2020,2143,1060634
ZWE,2020,38,26875
AGO,2021,24339,14415034
ARG,2021,11905,4509516
AUS,2021,4,2287
BDI,2021,14,7010
BEN,2021,2,511
BGD,2021,309,181287
BHS,2021,4,1274
BLZ,2021,4558,2051920
BOL,2021,291380,148205401
BRA,2021,1548658,1034785796
BRN,2021,517,371335
BTN,2021,400,238099
CAF,2021,19709,12873480
CHN,2021,1213,643868
CIV,2021,6615,3203767
CMR,2021,88756,57395444
COD,2021,499059,355095592
COG,2021,19571,12989943
COL,2021,128563,81247360
CRI,2021,1059,632968
CUB,2021,350,144632
CYM,2021,2,1256
DMA,2021,7,4048
DOM,2021,593,270315
ECU,2021,12472,9635809
ETH,2021,4349,2569396
FJI,2021,1069,543296
GAB,2021,8858,5810814
GHA,2021,10700,4699143
GIN,2021,798,396517
GLP,2021,2,1260
GNB,2021,349,134817
GNQ,2021,3715,2447211
GTM,2021,15160,7879438
GUF,2021,1679,1338296
GUY,2021,7088,5019409
HND,2021,36601,20562828
HTI,2021,131,72637
IDN,2021,202905,158416433
IND,2021,22038,12300194
JAM,2021,178,100552
KEN,2021,445,161128
KHM,2021,63982,40101427
KNA,2021,3,1372
LAO,2021,80939,46657907
LBR,2021,24821,12868086
LCA,2021,6,4088
LKA,2021,281,112227
MAF,2021,1,278
MDG,2021,43745,24117790
MEX,2021,35129,15231982
MMR,2021,44566,27495161
MOZ,2021,277,146449
MSR,2021,0,87
MTQ,2021,3,1469
MWI,2021,52,28000
MYS,2021,72234,55984099
NGA,2021,12139,4701252
NIC,2021,54031,31686082
NPL,2021,249,139122
PAN,2021,5308,3214341
PER,2021,154279,105107336
PHL,2021,6829,4687638
PLW,2021,1,921
PNG,2021,43338,36700232
PRI,2021,17,9784
PRY,2021,44749,17919820
RWA,2021,42,26694
SEN,2021,0,60
SGP,2021,1,1167
SLB,2021,8506,6985368
SLE,2021,3272,1617660
SLV,2021,33,19501
SSD,2021,75,37904
SUR,2021,10113,8409667
TCA,2021,13,2695
TGO,2021,12,3639
THA,2021,2921,1759271
TTO,2021,50,33341
TWN,2021,66,35881
TZA,2021,1926,956657
UGA,2021,3751,868215
USA,2021,4,1839
VCT,2021,4,2101
VEN,2021,22709,12847189
VGB,2021,1,561
VNM,2021,29007,20885336
VUT,2021,14,7641
ZAF,2021,633,421060
ZMB,2021,2900,1418397
ZWE,2021,42,35345
AGO,2022,15589,9116662
ARG,2022,21382,8066436
BDI,2022,5,2295
BEN,2022,1,295
BGD,2022,308,177107
BHS,2022,2,279
BLZ,2022,4029,1793609
BOL,2022,385568,199882423
BRA,2022,1772690,1219536765
BRN,2022,538,373948
BTN,2022,513,300047
CAF,2022,13242,8744070
CHN,2022,1533,857663
CIV,2022,8588,4177161
CMR,2022,76312,50813954
COD,2022,512672,369854122
COG,2022,26089,16951933
COL,2022,128455,82122530
CRI,2022,1158,705752
CUB,2022,272,209279
CYM,2022,2,680
DMA,2022,6,3747
DOM,2022,508,235750
ECU,2022,21014,15975042
ETH,2022,4005,2329850
FJI,2022,143,84862
GAB,2022,14511,9522209
GHA,2022,17970,7888301
GIN,2022,944,484249
GLP,2022,3,1492
GNB,2022,380,148853
GNQ,2022,3901,2580435
GTM,2022,12218,6016178
GUF,2022,2828,2258103
GUY,2022,7884,5592875
HND,2022,30126,16914839
HTI,2022,15,7781
IDN,2022,230003,177278030
IND,2022,21839,12343342
JAM,2022,129,72156
KEN,2022,867,332190
KHM,2022,45376,28294594
KNA,2022,0,42
LAO,2022,93089,53957631
LBR,2022,30365,15944606
LCA,2022,4,2839
LKA,2022,239,89697
MDG,2022,46546,25750905
MEX,2022,38391,19995687
MMR,2022,37798,23542609
MOZ,2022,517,271445
MTQ,2022,2,1036
MWI,2022,93,55245
MYS,2022,71927,55411675
NGA,2022,12859,5264380
NIC,2022,22636,13664309
NPL,2022,310,182304
PAN,2022,4018,2444726
PER,2022,160991,109479952
PHL,2022,27288,18526367
PLW,2022,1,510
PNG,2022,74970,63605174
PRI,2022,19,10216
PRY,2022,32588,12476357
RWA,2022,15,9835
SEN,2022,0,67
SGP,2022,9,6059
SLB,2022,10137,8215681
SLE,2022,3204,1661481
SLV,2022,47,28184
SSD,2022,107,56765
SUR,2022,12042,10143520
TCA,2022,3,583
TGO,2022,13,3771
THA,2022,3295,2040229
TTO,2022,77,46413
TWN,2022,87,50376
TZA,2022,1756,867686
UGA,2022,3409,963074
USA,2022,9,3651
VCT,2022,21,10856
VEN,2022,19811,11365465
VGB,2022,2,631
VIR,2022,0,203
VNM,2022,21668,16194984
VUT,2022,15,8388
ZAF,2022,300,199288
ZMB,2022,2415,1186635
ZWE,2022,56,45022
AGO,2023,17669,0
ARG,2023,11443,0
AUS,2023,1,0
BDI,2023,8,0
BEN,2023,3,0
BGD,2023,743,0
BHS,2023,34,0
BLZ,2023,11663,0
BOL,2023,490544,0
BRA,2023,1136874,0
BRN,2023,497,0
BTN,2023,658,0
CAF,2023,13986,0
CHN,2023,1885,0
CIV,2023,6865,0
CMR,2023,102887,0
COD,2023,526132,0
COG,2023,24425,0
COL,2023,66083,0
CRI,2023,1371,0
CUB,2023,692,0
CYM,2023,8,0
DMA,2023,4,0
DOM,2023,1276,0
ECU,2023,14294,0
ETH,2023,12460,0
FJI,2023,86,0
GAB,2023,10310,0
GHA,2023,12746,0
GIN,2023,648,0
GLP,2023,4,0
GMB,2023,0,0
GNB,2023,289,0
GNQ,2023,4006,0
GTM,2023,21037,0
GUF,2023,3231,0
GUY,2023,17168,0
HND,2023,43765,0
HTI,2023,56,0
IDN,2023,292374,0
IND,2023,21672,0
JAM,2023,283,0
KEN,2023,1809,0
KHM,2023,48249,0
KNA,2023,0,0
LAO,2023,136533,0
LBR,2023,32717,0
LCA,2023,1,0
LKA,2023,229,0
MDG,2023,79808,0
MDV,2023,1,0
MEX,2023,49017,0
MMR,2023,48330,0
MOZ,2023,405,0
MTQ,2023,4,0
MWI,2023,509,0
MYS,2023,79275,0
NGA,2023,12000,0
NIC,2023,60019,0
NPL,2023,215,0
PAN,2023,4967,0
PER,2023,150398,0
PHL,2023,5042,0
PLW,2023,1,0
PNG,2023,47744,0
PRI,2023,38,0
PRY,2023,25121,0
RWA,2023,28,0
SEN,2023,2,0
SLB,2023,6918,0
SLE,2023,3365,0
SLV,2023,32,0
SSD,2023,94,0
SUR,2023,17994,0
TCA,2023,5,0
TGO,2023,3,0
THA,2023,4114,0
TTO,2023,107,0
TWN,2023,245,0
TZA,2023,3219,0
UGA,2023,2101,0
USA,2023,52,0
VEN,2023,27505,0
VGB,2023,2,0
VNM,2023,16457,0
VUT,2023,76,0
ZAF,2023,200,0
ZMB,2023,2670,0
ZWE,2023,40,0
